id,source,context
ROOM_HEARTH_NAME,Hearth,Name of the starter room (data/rooms/hearth.tres)
ROOM_HEARTH_DESC,A communal fire-pit and gathering space where inhabitants eat, talk, and remember.,Short description of the Hearth shown in the build menu.
RES_STONE_NAME,Stone,Display name of the stone resource category (data/resources/stone.tres).
RES_STONE_DESC,Raw mineral dug from the walls of the realm.,Tooltip description of stone.
RES_FUNGI_NAME,Fungi,Display name of the food/medicine resource category (data/resources/fungi.tres).
RES_FUNGI_DESC,Farmable mushroom cultures that feed the realm and yield a few medicinal strains.,Tooltip description of fungi.
RES_EMBER_NAME,Ember,Display name of the magical essence resource category (data/resources/ember.tres).
RES_EMBER_DESC,A dim warmth drawn from places, events, and beings. Used in rituals and binding.,Tooltip description of ember.
RES_MEMORY_NAME,Memory,Display name of the knowledge resource category (data/resources/memory.tres).
RES_MEMORY_DESC,Stories, recipes, and facts remembered by the inhabitants. Spent to research.,Tooltip description of memory.
BIOME_HOLLOW_NAME,The Hollow,Display name of the starting biome (data/biomes/hollow.tres).
BIOME_HOLLOW_NARRATIVE,Where the rock first learns to listen.,Narrative anchor shown when the player first enters the Hollow.
BIOME_DUSTMAZE_NAME,Dustmaze,Display name of the second biome (data/biomes/dustmaze.tres).
BIOME_DUSTMAZE_NARRATIVE,Old roads that no longer agree on where they go.,Narrative anchor shown when the player first enters the Dustmaze.
BIOME_MARSHLANDS_NAME,Marshlands,Display name of the marshlands biome (data/biomes/marshlands.tres).
BIOME_MARSHLANDS_NARRATIVE,Where the ground gives before it bears.,Narrative anchor shown when the player first enters the Marshlands.
BIOME_HIGHLANDS_NAME,Highlands,Display name of the highlands biome (data/biomes/highlands.tres).
BIOME_HIGHLANDS_NARRATIVE,Wind-scoured stone that remembers every step.,Narrative anchor shown when the player first enters the Highlands.
ORIGIN_SCHOLAR_NAME,Scholar,Display name of the Scholar Pactmaker origin (data/origins/scholar.tres).
ORIGIN_SCHOLAR_NARRATIVE,You arrived with a library, a ledger, and a quiet certainty that every contract has a clause you have not read yet.,Narrative anchor for the Scholar origin.
ORIGIN_WARDEN_NAME,Warden,Display name of the Warden Pactmaker origin (data/origins/warden.tres).
ORIGIN_WARDEN_NARRATIVE,You arrived with a key-ring, a roster, and a longer list of names you are responsible for than names you trust.,Narrative anchor for the Warden origin.
MENU_NEW_CAMPAIGN,New Campaign,Button label on the title screen to start a new campaign.
MENU_CONTINUE,Continue,Button label on the title screen to resume the most recent save.
MENU_QUIT,Quit,Button label on the title screen to exit the game.
MENU_RESUME,Resume,Button label on the pause menu to return to the running campaign.
MENU_SAVE,Save,Button label on the pause menu to write the campaign to disk.
MENU_LOAD,Load,Button label on the title screen to load a specific save slot.
MENU_RETURN_TO_TITLE,Return to Title,Button label on the pause menu to abandon the current campaign and return to the title screen.
DIAG_TOGGLE,Toggle Diagnostics,Tooltip on the F3 hotkey.
MINIMAP_TOGGLE,Toggle Minimap,Tooltip on the M hotkey.
CONTRACT_STANDARD_PACT_NAME,Standard Pact,Display name of the standard pact contract (data/contracts/standard_pact.tres).
CRISIS_FIRST_INSPECTION_NAME,First Inspection,Display name of the first-inspection crisis (data/events/first_inspection.tres).
CRISIS_CHOICE_RECEIVE_INSPECTOR,Receive the Inspector,Label of the receive-inspector choice in the FirstInspection crisis.
CRISIS_CHOICE_RECEIVE_INSPECTOR_SUMMARY,The gates are opened. The inspector enters the realm and watches for three days. No morale penalty is taken.,Event-log summary for the receive-inspector choice.
CRISIS_CHOICE_EVADE_INSPECTOR,Evade the Inspector,Label of the evade-inspector choice in the FirstInspection crisis.
CRISIS_CHOICE_EVADE_INSPECTOR_SUMMARY,The gates stay closed. The inspector departs. Every inhabitant's morale takes a small penalty.,Event-log summary for the evade-inspector choice.
CRISIS_CHOICE_CONFRONT_INSPECTOR,Confront the Inspector,Label of the confront-inspector choice in the FirstInspection crisis.
CRISIS_CHOICE_CONFRONT_INSPECTOR_SUMMARY,A Lanternbearer steps forward. The inspector's affinity for the realm improves.,Event-log summary for the confront-inspector choice.
EVENT_CONTRACT_BREACH,Contract {id} has been breached. Consequence: {consequence}.,Event-log summary for the contract.breach event.
EVENT_TASK_COMPLETED,Task {id} has been completed.,Event-log summary for the task.completed event.
EVENT_CRISIS_TRIGGERED,Crisis {id} has been triggered.,Event-log summary for the crisis.triggered event.
EVENT_CRISIS_CHOICE_MADE,Crisis {id} resolved by the choice {choice}.,Event-log summary for the crisis.choice_made event.
ANCHOR_FIRST_MORNING_NAME,First Morning,Display name of the first-morning narrative anchor (data/anchors/first_morning.tres).
ANCHOR_FIRST_MORNING_SUMMARY,The first morning of the realm; the fire is lit and the inhabitants gather around it.,Summary of the first-morning narrative anchor.
ANCHOR_STOWAWAY_NAME,Stowaway,Display name of the stowaway narrative anchor (data/anchors/stowaway.tres).
ANCHOR_STOWAWAY_SUMMARY,Someone has slipped into the realm unseen. The settlers are uncertain whether to greet them or chase them off.,Summary of the stowaway narrative anchor.
ANCHOR_FIRST_PACTMAKER_NAME,First Pactmaker Visit,Display name of the first-pactmaker-visit narrative anchor (data/anchors/first_pactmaker_visit.tres).
ANCHOR_FIRST_PACTMAKER_SUMMARY,A Pactmaker arrives from beyond the Hollow. They speak of rituals, of binding, of the first true name the realm will be asked to remember.,Summary of the first-pactmaker-visit narrative anchor.
ANCHOR_INSPECTOR_RETURNS_NAME,The Inspector Returns,Display name of the inspector-returns narrative anchor (data/anchors/inspector_returns.tres).
ANCHOR_INSPECTOR_RETURNS_SUMMARY,The Inspector returns to the realm, uninvited. The previous counter-offer has not been forgotten.,Summary of the inspector-returns narrative anchor.
BRANCH_ACCEPT_AUDIT,Accept the Audit,Label of the accept-audit branch choice in the FirstInspection crisis.
BRANCH_COUNTER_OFFER,Make a Counter-Offer,Label of the counter-offer branch choice in the FirstInspection crisis.
EVENT_NARRATIVE_ANCHOR_TRIGGERED,Narrative anchor {anchor_id} has been triggered.,Event-log summary for the narrative.anchor_triggered event.
EVENT_NARRATIVE_ANCHOR_RESOLVED,Narrative anchor {anchor_id} has been resolved.,Event-log summary for the narrative.anchor_resolved event.
EVENT_CRISIS_EFFECTS_APPLIED,Terminal effects (morale_delta={morale_delta} and needs_food_delta={needs_food_delta}) applied to the realm's inhabitants.,Event-log summary for the crisis.effects_applied event.
EVENT_NARRATIVE_ANCHOR_FOLLOWUP,Follow-up narrative anchor {anchor_id} has been chained from the resolved crisis.,Event-log summary for the narrative.anchor_followup event.
EVENT_BRANCH_RESOLVED,Branch {branch_id} has been resolved by choice {choice_id}.,Event-log summary for the branch.resolved event.
EVENT_EXPLORATION_REVEALED,Exploration has revealed new tiles around the destination.,Event-log summary for the exploration.revealed event.
